Mixing red and blue will create the color;scheme
Mixing blue and yellow will create the color;we
Mixing white and red will create the color;we
Mixing red and yellow will create the color;we
To make a blue color darker, you need to add the color;of
To get teal or aqua, mix green and;blue
Purple and green both have in them the color;blue
The complementary color of red is;called
Yellow is to purple what blue is to;blue
The color of the lemon was a vibrant;orange
The grass was wellkept and well watered, so its color was very;pleasing
The color of the sky was;dim
The strawberries looked perfectly ripe with their deep shade of;blue
She was so angry, she saw the color;of
It had been a rough couple of days, so Timothy felt like the color;of
John was having a such a bad day, his mood seemed to be colored;by
She didn’t see it coming, as the incident happened out of the color;of
As the legislation had yet to be implemented, the color of the area was still very;much
The color of the skilled gardener’s thumbs was;red
The lie was so innocent, it had the color;of
She was so angry, she saw;them
It had been a rough couple of days so Timothy was feeling;better
John was having a such a bad day, his mood was very;bad
She didn’t see it coming, as the incident happened out of the;corner
As the legislation had yet to be implemented, the area was still;being
The skilled gardener’s thumbs were;left
A lie which will not hurt anyone is;an
